{
  "hist_scale": {
    "step": [
      0,
      25,
      50,
      75,
      100,
      125,
      150,
      175,
      200,
      225,
      250,
      275,
      300,
      325,
      350,
      375,
      400,
      425,
      450,
      475,
      500,
      525,
      550,
      575,
      600,
      625,
      650,
      675,
      700,
      725,
      750,
      775,
      800,
      825,
      850,
      875,
      900,
      925,
      950,
      975
    ],
    "loss": [
      2.281764030456543,
      2.034681797027588,
      1.9669499397277832,
      1.9125101566314697,
      1.8480275869369507,
      1.7867555618286133,
      1.7904402017593384,
      1.7756860256195068,
      1.7734864950180054,
      1.830110788345337,
      1.7102113962173462,
      1.7369455099105835,
      1.7473466396331787,
      1.7424700260162354,
      1.7288249731063843,
      1.7143405675888062,
      1.7352107763290405,
      1.7454038858413696,
      1.7097102403640747,
      1.7201604843139648,
      1.7055119276046753,
      1.679481029510498,
      1.7435073852539062,
      1.729836106300354,
      1.6779379844665527,
      1.742449402809143,
      1.746037244796753,
      1.702710747718811,
      1.6655763387680054,
      1.692186713218689,
      1.687156081199646,
      1.7119313478469849,
      1.7240153551101685,
      1.6357417106628418,
      1.661799430847168,
      1.675101399421692,
      1.7250406742095947,
      1.7135021686553955,
      1.731402039527893,
      1.7231448888778687
    ],
    "acc": [
      0.09765625,
      0.19921875,
      0.267578125,
      0.26171875,
      0.330078125,
      0.341796875,
      0.3203125,
      0.298828125,
      0.318359375,
      0.259765625,
      0.34375,
      0.328125,
      0.306640625,
      0.302734375,
      0.328125,
      0.326171875,
      0.318359375,
      0.30078125,
      0.333984375,
      0.328125,
      0.345703125,
      0.3515625,
      0.3125,
      0.31640625,
      0.333984375,
      0.3203125,
      0.298828125,
      0.294921875,
      0.33984375,
      0.310546875,
      0.341796875,
      0.330078125,
      0.31640625,
      0.384765625,
      0.34765625,
      0.369140625,
      0.322265625,
      0.32421875,
      0.314453125,
      0.279296875
    ],
    "entropy": [
      2.001873254776001,
      1.9990514516830444,
      2.022022247314453,
      2.048978567123413,
      2.0830724239349365,
      2.082355260848999,
      2.1142356395721436,
      2.1248326301574707,
      2.1297857761383057,
      2.1379542350769043,
      2.1429905891418457,
      2.1506285667419434,
      2.157576084136963,
      2.1595723628997803,
      2.1694695949554443,
      2.165050506591797,
      2.1726813316345215,
      2.1744446754455566,
      2.17685604095459,
      2.171818733215332,
      2.1718530654907227,
      2.177985906600952,
      2.1764800548553467,
      2.175868511199951,
      2.1764302253723145,
      2.1728084087371826,
      2.17216420173645,
      2.1754541397094727,
      2.1752400398254395,
      2.1773509979248047,
      2.1736536026000977,
      2.1738836765289307,
      2.174914836883545,
      2.178154706954956,
      2.1791625022888184,
      2.1771023273468018,
      2.176008701324463,
      2.1788530349731445,
      2.177142381668091,
      2.178436279296875
    ],
    "init_entropy": 1.9895105361938477
  },
  "hist_noscale": {
    "step": [
      0,
      25,
      50,
      75,
      100,
      125,
      150,
      175,
      200,
      225,
      250,
      275,
      300,
      325,
      350,
      375,
      400,
      425,
      450,
      475,
      500,
      525,
      550,
      575,
      600,
      625,
      650,
      675,
      700,
      725,
      750,
      775,
      800,
      825,
      850,
      875,
      900,
      925,
      950,
      975
    ],
    "loss": [
      2.6318607330322266,
      2.1253678798675537,
      2.0869863033294678,
      2.0337319374084473,
      2.0318682193756104,
      2.0514612197875977,
      2.0146219730377197,
      2.0204131603240967,
      2.025463819503784,
      2.0187244415283203,
      2.0298330783843994,
      2.0051684379577637,
      2.0258946418762207,
      1.9944417476654053,
      2.0322117805480957,
      2.051208019256592,
      2.0145459175109863,
      2.01267409324646,
      1.9945173263549805,
      2.01894474029541,
      2.0277163982391357,
      2.0076630115509033,
      2.022670269012451,
      2.022721767425537,
      1.9996647834777832,
      2.0157904624938965,
      1.9849982261657715,
      1.98957097530365,
      1.9921461343765259,
      2.000148057937622,
      1.9927878379821777,
      1.9733617305755615,
      2.0314676761627197,
      1.994627833366394,
      2.038105010986328,
      2.0168373584747314,
      2.023857355117798,
      2.0491139888763428,
      2.005249500274658,
      2.010265350341797
    ],
    "acc": [
      0.134765625,
      0.154296875,
      0.16796875,
      0.2109375,
      0.203125,
      0.18359375,
      0.212890625,
      0.2109375,
      0.21875,
      0.220703125,
      0.220703125,
      0.2265625,
      0.234375,
      0.2578125,
      0.203125,
      0.197265625,
      0.212890625,
      0.228515625,
      0.2421875,
      0.21484375,
      0.216796875,
      0.248046875,
      0.228515625,
      0.216796875,
      0.228515625,
      0.205078125,
      0.26171875,
      0.2265625,
      0.26953125,
      0.234375,
      0.232421875,
      0.279296875,
      0.21875,
      0.244140625,
      0.212890625,
      0.208984375,
      0.234375,
      0.1953125,
      0.20703125,
      0.234375
    ],
    "entropy": [
      0.6400859355926514,
      0.8374031782150269,
      0.8479260206222534,
      0.9022532105445862,
      0.8613506555557251,
      0.8624496459960938,
      0.8784013390541077,
      0.9768890738487244,
      1.0467008352279663,
      0.9995478987693787,
      1.148267149925232,
      1.1267647743225098,
      1.0219848155975342,
      1.0600191354751587,
      1.1979209184646606,
      1.186651349067688,
      1.0936028957366943,
      1.2618471384048462,
      1.2424858808517456,
      1.327623963356018,
      1.2099632024765015,
      1.289440393447876,
      1.1977614164352417,
      1.2628216743469238,
      1.2507929801940918,
      1.2617902755737305,
      1.293418526649475,
      1.3536535501480103,
      1.3460763692855835,
      1.3231536149978638,
      1.3492834568023682,
      1.4222116470336914,
      1.3406970500946045,
      1.333823323249817,
      1.2845728397369385,
      1.2793591022491455,
      1.2820825576782227,
      1.384007215499878,
      1.368135690689087,
      1.2928664684295654
    ],
    "init_entropy": 0.5981343388557434
  },
  "dims": [
    8,
    16,
    32,
    64,
    128,
    256
  ],
  "init_entropy_scale": [
    1.9177891492843628,
    1.8695440769195557,
    1.9205170154571534,
    1.884935212135315,
    1.9019145965576172,
    1.8459441423416139
  ],
  "init_entropy_noscale": [
    1.264336609840393,
    1.0636512637138367,
    0.7851210713386536,
    0.7110510349273682,
    0.5827971696853638,
    0.5480847775936126
  ],
  "final_acc_scale": [
    0.2265625,
    0.248046875,
    0.3359375,
    0.31640625,
    0.31640625,
    0.29296875
  ],
  "final_acc_noscale": [
    0.20703125,
    0.208984375,
    0.271484375,
    0.205078125,
    0.220703125,
    0.146484375
  ],
  "max_entropy_d64": 2.1972245773362196
}